{"inputUnits":[99],"outputUnits":3,"inputs":{"0":{"dtype":"number","min":0.39060178399086,"max":0.6314876079559326},"1":{"dtype":"number","min":0.31360751390457153,"max":0.5543562173843384},"2":{"dtype":"number","min":-2.0845534801483154,"max":-0.06292905658483505},"3":{"dtype":"number","min":0.42027997970581055,"max":0.6445153951644897},"4":{"dtype":"number","min":0.2713813781738281,"max":0.549781084060669},"5":{"dtype":"number","min":-2.039522647857666,"max":-0.056438934057950974},"6":{"dtype":"number","min":0.4374207854270935,"max":0.6568641662597656},"7":{"dtype":"number","min":0.2728152275085449,"max":0.5526955723762512},"8":{"dtype":"number","min":-2.039522647857666,"max":-0.05647478997707367},"9":{"dtype":"number","min":0.45270875096321106,"max":0.6677601337432861},"10":{"dtype":"number","min":0.2745765447616577,"max":0.5555707812309265},"11":{"dtype":"number","min":-2.039522647857666,"max":-0.05647478997707367},"12":{"dtype":"number","min":0.36324405670166016,"max":0.6036645174026489},"13":{"dtype":"number","min":0.269098162651062,"max":0.5430949926376343},"14":{"dtype":"number","min":-2.032017469406128,"max":-0.07117616385221481},"15":{"dtype":"number","min":0.34444841742515564,"max":0.5822018384933472},"16":{"dtype":"number","min":0.26977813243865967,"max":0.5410663485527039},"17":{"dtype":"number","min":-2.0338938236236572,"max":-0.07121202349662781},"18":{"dtype":"number","min":0.3285442888736725,"max":0.572350025177002},"19":{"dtype":"number","min":0.2725423574447632,"max":0.5390376448631287},"20":{"dtype":"number","min":-2.0338938236236572,"max":-0.07121202349662781},"21":{"dtype":"number","min":0.4687652587890625,"max":0.67356276512146},"22":{"dtype":"number","min":0.274227499961853,"max":0.5633677840232849},"23":{"dtype":"number","min":-1.6004717350006104,"max":0.0350295752286911},"24":{"dtype":"number","min":0.3135938346385956,"max":0.558014988899231},"25":{"dtype":"number","min":0.2958560585975647,"max":0.5473169684410095},"26":{"dtype":"number","min":-1.5742037296295166,"max":0.05989084392786026},"27":{"dtype":"number","min":0.43010061979293823,"max":0.6449232697486877},"28":{"dtype":"number","min":0.3420337736606598,"max":0.6081936955451965},"29":{"dtype":"number","min":-1.9072444438934326,"max":-0.048908963799476624},"30":{"dtype":"number","min":0.3604735732078552,"max":0.5902252793312073},"31":{"dtype":"number","min":0.34255361557006836,"max":0.6216369271278381},"32":{"dtype":"number","min":-1.9006774425506592,"max":-0.06823588907718658},"33":{"dtype":"number","min":0.40851885080337524,"max":0.8083282709121704},"34":{"dtype":"number","min":0.36085909605026245,"max":0.8410962820053101},"35":{"dtype":"number","min":-1.2871320247650146,"max":0.0490657314658165},"36":{"dtype":"number","min":0.20102950930595398,"max":0.6079438328742981},"37":{"dtype":"number","min":0.3416261076927185,"max":0.8825032711029053},"38":{"dtype":"number","min":-1.125771403312683,"max":0.12347925454378128},"39":{"dtype":"number","min":0.34331631660461426,"max":1.0878316164016724},"40":{"dtype":"number","min":0.34713417291641235,"max":1.2094563245773315},"41":{"dtype":"number","min":-1.9560999870300293,"max":0.02502819336950779},"42":{"dtype":"number","min":-0.026092231273651123,"max":0.6644622087478638},"43":{"dtype":"number","min":0.2944679260253906,"max":1.2311007976531982},"44":{"dtype":"number","min":-1.871742606163025,"max":-0.1009984016418457},"45":{"dtype":"number","min":0.3955305516719818,"max":0.970306396484375},"46":{"dtype":"number","min":0.3153271973133087,"max":1.5313276052474976},"47":{"dtype":"number","min":-2.779520273208618,"max":-0.008251594379544258},"48":{"dtype":"number","min":0.0762266218662262,"max":0.6251241564750671},"49":{"dtype":"number","min":0.28172022104263306,"max":1.2200195789337158},"50":{"dtype":"number","min":-2.55454158782959,"max":-0.1421910971403122},"51":{"dtype":"number","min":0.3905829191207886,"max":0.964927077293396},"52":{"dtype":"number","min":0.3039630353450775,"max":1.64923894405365},"53":{"dtype":"number","min":-3.031041383743286,"max":-0.009520036168396473},"54":{"dtype":"number","min":0.04367870092391968,"max":0.6325634717941284},"55":{"dtype":"number","min":0.26657938957214355,"max":1.2383674383163452},"56":{"dtype":"number","min":-2.739135503768921,"max":-0.15817996859550476},"57":{"dtype":"number","min":0.40219002962112427,"max":0.9461958408355713},"58":{"dtype":"number","min":0.30115675926208496,"max":1.6547894477844238},"59":{"dtype":"number","min":-2.883965492248535,"max":-0.023719413205981255},"60":{"dtype":"number","min":0.07556876540184021,"max":0.6096028089523315},"61":{"dtype":"number","min":0.2782996892929077,"max":1.220433235168457},"62":{"dtype":"number","min":-2.608133316040039,"max":-0.15610508620738983},"63":{"dtype":"number","min":0.408258855342865,"max":0.9399385452270508},"64":{"dtype":"number","min":0.32780060172080994,"max":1.6141331195831299},"65":{"dtype":"number","min":-2.758204936981201,"max":-0.015579870902001858},"66":{"dtype":"number","min":0.10001334547996521,"max":0.6038140058517456},"67":{"dtype":"number","min":0.2996180057525635,"max":1.2150098085403442},"68":{"dtype":"number","min":-2.5346927642822266,"max":-0.14267931878566742},"69":{"dtype":"number","min":0.4579240679740906,"max":0.7464596629142761},"70":{"dtype":"number","min":0.38160979747772217,"max":1.6212972402572632},"71":{"dtype":"number","min":-0.1401563584804535,"max":0.07926998287439346},"72":{"dtype":"number","min":0.31492483615875244,"max":0.5656338334083557},"73":{"dtype":"number","min":0.360217809677124,"max":1.62559974193573},"74":{"dtype":"number","min":-0.06716535985469818,"max":0.1498030722141266},"75":{"dtype":"number","min":0.29272446036338806,"max":0.7503457069396973},"76":{"dtype":"number","min":0.46569958329200745,"max":2.2742063999176025},"77":{"dtype":"number","min":-0.7619438767433167,"max":0.4431120753288269},"78":{"dtype":"number","min":0.16854599118232727,"max":0.6337307095527649},"79":{"dtype":"number","min":0.47787562012672424,"max":2.3004581928253174},"80":{"dtype":"number","min":-0.7046715021133423,"max":0.4249347448348999},"81":{"dtype":"number","min":0.24021115899085999,"max":0.7596111297607422},"82":{"dtype":"number","min":0.3792773485183716,"max":2.9598207473754883},"83":{"dtype":"number","min":-0.15027859807014465,"max":1.5016803741455078},"84":{"dtype":"number","min":0.08152472972869873,"max":0.6709668040275574},"85":{"dtype":"number","min":0.38963842391967773,"max":2.951101779937744},"86":{"dtype":"number","min":-0.20964674651622772,"max":1.1541357040405273},"87":{"dtype":"number","min":0.24742937088012695,"max":0.7731456756591797},"88":{"dtype":"number","min":0.37953561544418335,"max":3.062177896499634},"89":{"dtype":"number","min":-0.12557968497276306,"max":1.6213037967681885},"90":{"dtype":"number","min":0.09337452054023743,"max":0.6816068887710571},"91":{"dtype":"number","min":0.37048548460006714,"max":3.055546760559082},"92":{"dtype":"number","min":-0.20259439945220947,"max":1.236615777015686},"93":{"dtype":"number","min":0.18336308002471924,"max":0.8280373811721802},"94":{"dtype":"number","min":0.3438952565193176,"max":3.143172264099121},"95":{"dtype":"number","min":-0.40720653533935547,"max":1.2577879428863525},"96":{"dtype":"number","min":-0.023332417011260986,"max":0.7277036309242249},"97":{"dtype":"number","min":0.3545026481151581,"max":3.139051914215088},"98":{"dtype":"number","min":-0.5487383604049683,"max":1.0150805711746216}},"outputs":{"label":{"dtype":"string","min":0,"max":1,"uniqueValues":["handsUp","fakeSurprise","eyesCovered"],"legend":{"handsUp":[1,0,0],"fakeSurprise":[0,1,0],"eyesCovered":[0,0,1]}}},"isNormalized":true}